{"cameraMode":{"drawMode":0,"name":"Shaded","section":"Shading Mode"},"sceneLighting":true,"audioPlay":false,"sceneViewState":{"showFog":true,"showMaterialUpdate":false,"showSkybox":true,"showFlares":true,"showImageEffects":true,"showParticleSystems":true},"in2DMode":false,"pivot":{"x":8.172940254211426,"y":0.2225322723388672,"z":5.01254940032959},"rotation":{"x":-0.042946867644786838,"y":-0.45671987533569338,"z":0.022081425413489343,"w":-0.8883014917373657},"size":6.266026496887207,"orthographic":false}